{"cameraMode":{"drawMode":0,"name":"Shaded","section":"Shading Mode"},"sceneLighting":false,"audioPlay":false,"sceneViewState":{"m_AlwaysRefresh":false,"showFog":true,"showSkybox":false,"showFlares":true,"showImageEffects":true,"showParticleSystems":true,"showVisualEffectGraphs":true,"m_FxEnabled":true},"in2DMode":false,"pivot":{"x":-0.41124072670936587,"y":0.0855938196182251,"z":3.9437811374664308},"rotation":{"x":-0.7045279741287231,"y":-0.0076672681607306,"z":0.007610172964632511,"w":-0.7096022963523865},"size":0.38583362102508547,"orthographic":false}