{"cameraMode":{"drawMode":0,"name":"Shaded","section":"Shading Mode"},"sceneLighting":true,"audioPlay":false,"sceneViewState":{"m_AlwaysRefresh":false,"showFog":true,"showSkybox":true,"showFlares":true,"showImageEffects":true,"showParticleSystems":true,"showVisualEffectGraphs":true,"m_FxEnabled":true},"in2DMode":false,"pivot":{"x":9.573057174682618,"y":1.5259075164794922,"z":12.99429702758789},"rotation":{"x":-0.35995161533355715,"y":-0.07016048580408097,"z":0.027156038209795953,"w":-0.9299405217170715},"size":2.5271623134613039,"orthographic":false}